{
  "_format": "hh-sol-cache-2",
  "files": {
    "D:\\New folder\\blockchain-main\\blockchain-main\\contracts\\LandRegistry.sol": {
      "lastModificationDate": 1764492811739,
      "contentHash": "8ff15f8118e88a9971742f15d66be1f3",
      "sourceName": "contracts/LandRegistry.sol",
      "solcConfig": {
        "version": "0.8.19",
        "settings": {
          "optimizer": {
            "enabled": true,
            "runs": 200
          },
          "outputSelection": {
            "*": {
              "*": [
                "abi",
                "evm.bytecode",
                "evm.deployedBytecode",
                "evm.methodIdentifiers",
                "metadata"
              ],
              "": [
                "ast"
              ]
            }
          }
        }
      },
      "imports": [],
      "versionPragmas": [
        "^0.8.19"
      ],
      "artifacts": [
        "LandRegistry"
      ]
    }
  }
}
